name,adress
Суворова Ираида Руслановна;д. Кудымкар, пр. Блюхера, д. 2 к. 8, 802633
Евдокимова Алина Егоровна;д. Кострома, пр. Кирпичный, д. 1 стр. 5/7, 636727
Виктория Тимофеевна Воробьева;к. Красногорск (Моск.), пер. Беляева, д. 629 стр. 7/3, 749713
Анжела Матвеевна Селиверстова;к. Нефедова, пр. Кутузова, д. 4 стр. 5/3, 228047
Ковалев Лев Зиновьевич;ст. Тулпан, пр. Красногвардейский, д. 392 стр. 38, 174439
Орест Юлианович Пономарев;клх Екатеринбург, наб. Степана Разина, д. 9 стр. 4, 833575
Макар Григорьевич Ковалев;с. Красноселькуп, наб. Тополиная, д. 39, 367847
Корнил Ааронович Кондратьев;г. Кемерово, ул. Кедровая, д. 38 стр. 7/6, 457803
Кононова Ольга Сергеевна;с. Шилка, бул. Разина, д. 93 стр. 7, 956723
Элеонора Владимировна Макарова;с. Ногинск (Моск.), ул. Мелиоративная, д. 6/5, 700154